SLU Score,Opponent Score,Set,Opponent,Year
0,1,1,Vassar,2014
1,1,1,Vassar,2014
2,1,1,Vassar,2014
2,2,1,Vassar,2014
2,3,1,Vassar,2014
3,3,1,Vassar,2014
3,4,1,Vassar,2014
4,4,1,Vassar,2014
4,5,1,Vassar,2014
4,6,1,Vassar,2014
5,6,1,Vassar,2014
5,7,1,Vassar,2014
6,7,1,Vassar,2014
6,8,1,Vassar,2014
7,8,1,Vassar,2014
8,8,1,Vassar,2014
8,9,1,Vassar,2014
8,10,1,Vassar,2014
9,10,1,Vassar,2014
10,10,1,Vassar,2014
11,10,1,Vassar,2014
12,10,1,Vassar,2014
12,11,1,Vassar,2014
13,11,1,Vassar,2014
13,12,1,Vassar,2014
13,13,1,Vassar,2014
13,14,1,Vassar,2014
13,15,1,Vassar,2014
14,15,1,Vassar,2014
15,15,1,Vassar,2014
16,15,1,Vassar,2014
16,16,1,Vassar,2014
16,17,1,Vassar,2014
16,18,1,Vassar,2014
17,18,1,Vassar,2014
18,18,1,Vassar,2014
18,19,1,Vassar,2014
19,19,1,Vassar,2014
20,19,1,Vassar,2014
20,20,1,Vassar,2014
21,20,1,Vassar,2014
21,21,1,Vassar,2014
22,21,1,Vassar,2014
22,22,1,Vassar,2014
23,22,1,Vassar,2014
24,22,1,Vassar,2014
24,23,1,Vassar,2014
24,24,1,Vassar,2014
24,25,1,Vassar,2014
24,26,1,Vassar,2014
0,1,2,Vassar,2014
0,2,2,Vassar,2014
1,2,2,Vassar,2014
2,2,2,Vassar,2014
2,3,2,Vassar,2014
3,3,2,Vassar,2014
4,3,2,Vassar,2014
5,3,2,Vassar,2014
5,4,2,Vassar,2014
6,4,2,Vassar,2014
6,5,2,Vassar,2014
6,6,2,Vassar,2014
6,7,2,Vassar,2014
7,7,2,Vassar,2014
7,8,2,Vassar,2014
8,8,2,Vassar,2014
9,8,2,Vassar,2014
9,9,2,Vassar,2014
9,10,2,Vassar,2014
10,10,2,Vassar,2014
10,11,2,Vassar,2014
10,12,2,Vassar,2014
10,13,2,Vassar,2014
10,14,2,Vassar,2014
11,14,2,Vassar,2014
11,15,2,Vassar,2014
12,15,2,Vassar,2014
12,16,2,Vassar,2014
12,17,2,Vassar,2014
13,17,2,Vassar,2014
13,18,2,Vassar,2014
14,18,2,Vassar,2014
14,19,2,Vassar,2014
14,20,2,Vassar,2014
15,20,2,Vassar,2014
15,21,2,Vassar,2014
16,21,2,Vassar,2014
17,21,2,Vassar,2014
17,22,2,Vassar,2014
17,23,2,Vassar,2014
18,23,2,Vassar,2014
19,23,2,Vassar,2014
19,24,2,Vassar,2014
20,24,2,Vassar,2014
20,25,2,Vassar,2014
0,1,3,Vassar,2014
0,2,3,Vassar,2014
1,2,3,Vassar,2014
2,2,3,Vassar,2014
3,2,3,Vassar,2014
3,3,3,Vassar,2014
4,3,3,Vassar,2014
4,4,3,Vassar,2014
5,4,3,Vassar,2014
5,5,3,Vassar,2014
5,6,3,Vassar,2014
6,6,3,Vassar,2014
6,7,3,Vassar,2014
6,8,3,Vassar,2014
6,9,3,Vassar,2014
6,10,3,Vassar,2014
7,10,3,Vassar,2014
7,11,3,Vassar,2014
8,11,3,Vassar,2014
9,11,3,Vassar,2014
9,12,3,Vassar,2014
10,12,3,Vassar,2014
11,12,3,Vassar,2014
12,12,3,Vassar,2014
12,13,3,Vassar,2014
12,14,3,Vassar,2014
13,14,3,Vassar,2014
14,14,3,Vassar,2014
15,14,3,Vassar,2014
15,15,3,Vassar,2014
16,15,3,Vassar,2014
17,15,3,Vassar,2014
17,16,3,Vassar,2014
18,16,3,Vassar,2014
18,17,3,Vassar,2014
19,17,3,Vassar,2014
19,18,3,Vassar,2014
19,19,3,Vassar,2014
19,20,3,Vassar,2014
19,21,3,Vassar,2014
20,21,3,Vassar,2014
20,22,3,Vassar,2014
20,23,3,Vassar,2014
21,23,3,Vassar,2014
21,24,3,Vassar,2014
22,24,3,Vassar,2014
23,24,3,Vassar,2014
23,25,3,Vassar,2014
0,1,1,RIT,2014
1,1,1,RIT,2014
2,1,1,RIT,2014
2,2,1,RIT,2014
3,2,1,RIT,2014
3,3,1,RIT,2014
3,4,1,RIT,2014
3,5,1,RIT,2014
4,5,1,RIT,2014
4,6,1,RIT,2014
5,6,1,RIT,2014
5,7,1,RIT,2014
6,7,1,RIT,2014
6,8,1,RIT,2014
7,8,1,RIT,2014
7,9,1,RIT,2014
7,10,1,RIT,2014
8,10,1,RIT,2014
8,11,1,RIT,2014
8,12,1,RIT,2014
8,13,1,RIT,2014
9,13,1,RIT,2014
9,14,1,RIT,2014
10,14,1,RIT,2014
10,15,1,RIT,2014
11,15,1,RIT,2014
12,15,1,RIT,2014
12,16,1,RIT,2014
13,16,1,RIT,2014
13,17,1,RIT,2014
14,17,1,RIT,2014
15,17,1,RIT,2014
16,17,1,RIT,2014
17,17,1,RIT,2014
18,17,1,RIT,2014
19,17,1,RIT,2014
20,17,1,RIT,2014
21,17,1,RIT,2014
22,17,1,RIT,2014
22,18,1,RIT,2014
22,19,1,RIT,2014
22,20,1,RIT,2014
23,20,1,RIT,2014
23,21,1,RIT,2014
24,21,1,RIT,2014
25,21,1,RIT,2014
0,1,2,RIT,2014
0,2,2,RIT,2014
1,2,2,RIT,2014
2,2,2,RIT,2014
2,3,2,RIT,2014
2,4,2,RIT,2014
2,5,2,RIT,2014
3,5,2,RIT,2014
4,5,2,RIT,2014
5,5,2,RIT,2014
5,6,2,RIT,2014
5,7,2,RIT,2014
6,7,2,RIT,2014
7,7,2,RIT,2014
8,7,2,RIT,2014
8,8,2,RIT,2014
9,8,2,RIT,2014
10,8,2,RIT,2014
10,9,2,RIT,2014
11,9,2,RIT,2014
11,10,2,RIT,2014
11,11,2,RIT,2014
12,11,2,RIT,2014
13,11,2,RIT,2014
14,11,2,RIT,2014
14,12,2,RIT,2014
15,12,2,RIT,2014
16,12,2,RIT,2014
17,12,2,RIT,2014
18,12,2,RIT,2014
19,12,2,RIT,2014
20,12,2,RIT,2014
20,13,2,RIT,2014
21,13,2,RIT,2014
22,13,2,RIT,2014
22,14,2,RIT,2014
22,15,2,RIT,2014
22,16,2,RIT,2014
23,16,2,RIT,2014
24,16,2,RIT,2014
24,17,2,RIT,2014
24,18,2,RIT,2014
25,18,2,RIT,2014
0,1,3,RIT,2014
1,1,3,RIT,2014
2,1,3,RIT,2014
2,2,3,RIT,2014
2,3,3,RIT,2014
3,3,3,RIT,2014
3,4,3,RIT,2014
3,5,3,RIT,2014
4,5,3,RIT,2014
5,5,3,RIT,2014
5,6,3,RIT,2014
6,6,3,RIT,2014
6,7,3,RIT,2014
6,8,3,RIT,2014
7,8,3,RIT,2014
8,8,3,RIT,2014
9,8,3,RIT,2014
9,9,3,RIT,2014
10,9,3,RIT,2014
10,10,3,RIT,2014
10,11,3,RIT,2014
11,11,3,RIT,2014
12,11,3,RIT,2014
12,12,3,RIT,2014
12,13,3,RIT,2014
12,14,3,RIT,2014
13,14,3,RIT,2014
13,15,3,RIT,2014
13,16,3,RIT,2014
14,16,3,RIT,2014
14,17,3,RIT,2014
15,17,3,RIT,2014
16,17,3,RIT,2014
16,18,3,RIT,2014
17,18,3,RIT,2014
18,18,3,RIT,2014
18,19,3,RIT,2014
18,20,3,RIT,2014
19,20,3,RIT,2014
20,20,3,RIT,2014
20,21,3,RIT,2014
20,22,3,RIT,2014
21,22,3,RIT,2014
21,23,3,RIT,2014
21,24,3,RIT,2014
22,24,3,RIT,2014
22,25,3,RIT,2014
0,1,4,RIT,2014
1,1,4,RIT,2014
1,2,4,RIT,2014
2,2,4,RIT,2014
2,3,4,RIT,2014
3,3,4,RIT,2014
4,3,4,RIT,2014
5,3,4,RIT,2014
5,4,4,RIT,2014
6,4,4,RIT,2014
6,5,4,RIT,2014
7,5,4,RIT,2014
7,6,4,RIT,2014
8,6,4,RIT,2014
8,7,4,RIT,2014
8,8,4,RIT,2014
9,8,4,RIT,2014
9,9,4,RIT,2014
9,10,4,RIT,2014
10,10,4,RIT,2014
10,11,4,RIT,2014
10,12,4,RIT,2014
10,13,4,RIT,2014
10,14,4,RIT,2014
11,14,4,RIT,2014
12,14,4,RIT,2014
13,14,4,RIT,2014
14,14,4,RIT,2014
14,15,4,RIT,2014
14,16,4,RIT,2014
14,17,4,RIT,2014
15,17,4,RIT,2014
16,17,4,RIT,2014
17,17,4,RIT,2014
17,18,4,RIT,2014
18,18,4,RIT,2014
19,18,4,RIT,2014
20,18,4,RIT,2014
21,18,4,RIT,2014
21,19,4,RIT,2014
22,19,4,RIT,2014
22,20,4,RIT,2014
23,20,4,RIT,2014
23,21,4,RIT,2014
23,22,4,RIT,2014
24,22,4,RIT,2014
24,23,4,RIT,2014
25,23,4,RIT,2014
1,0,1,Bard,2014
1,1,1,Bard,2014
2,1,1,Bard,2014
2,2,1,Bard,2014
3,2,1,Bard,2014
3,3,1,Bard,2014
4,3,1,Bard,2014
4,4,1,Bard,2014
4,5,1,Bard,2014
5,5,1,Bard,2014
6,5,1,Bard,2014
7,5,1,Bard,2014
7,6,1,Bard,2014
8,6,1,Bard,2014
9,6,1,Bard,2014
10,6,1,Bard,2014
11,6,1,Bard,2014
12,6,1,Bard,2014
13,6,1,Bard,2014
13,7,1,Bard,2014
14,7,1,Bard,2014
14,8,1,Bard,2014
15,8,1,Bard,2014
15,9,1,Bard,2014
16,9,1,Bard,2014
16,10,1,Bard,2014
16,11,1,Bard,2014
17,11,1,Bard,2014
18,11,1,Bard,2014
19,11,1,Bard,2014
20,11,1,Bard,2014
20,12,1,Bard,2014
20,13,1,Bard,2014
21,13,1,Bard,2014
22,13,1,Bard,2014
23,13,1,Bard,2014
24,13,1,Bard,2014
24,14,1,Bard,2014
24,15,1,Bard,2014
25,15,1,Bard,2014
1,0,2,Bard,2014
2,0,2,Bard,2014
3,0,2,Bard,2014
4,0,2,Bard,2014
4,1,2,Bard,2014
5,1,2,Bard,2014
6,1,2,Bard,2014
7,1,2,Bard,2014
8,1,2,Bard,2014
9,1,2,Bard,2014
10,1,2,Bard,2014
11,1,2,Bard,2014
11,2,2,Bard,2014
12,2,2,Bard,2014
13,2,2,Bard,2014
13,3,2,Bard,2014
14,3,2,Bard,2014
15,3,2,Bard,2014
16,3,2,Bard,2014
17,3,2,Bard,2014
18,3,2,Bard,2014
19,3,2,Bard,2014
20,3,2,Bard,2014
21,3,2,Bard,2014
22,3,2,Bard,2014
23,3,2,Bard,2014
24,3,2,Bard,2014
25,3,2,Bard,2014
0,1,3,Bard,2014
1,1,3,Bard,2014
2,1,3,Bard,2014
2,2,3,Bard,2014
3,2,3,Bard,2014
3,3,3,Bard,2014
4,3,3,Bard,2014
4,4,3,Bard,2014
5,4,3,Bard,2014
5,5,3,Bard,2014
5,6,3,Bard,2014
6,6,3,Bard,2014
7,6,3,Bard,2014
8,6,3,Bard,2014
8,7,3,Bard,2014
9,7,3,Bard,2014
9,8,3,Bard,2014
10,8,3,Bard,2014
11,8,3,Bard,2014
11,9,3,Bard,2014
12,9,3,Bard,2014
12,10,3,Bard,2014
13,10,3,Bard,2014
14,10,3,Bard,2014
15,10,3,Bard,2014
16,10,3,Bard,2014
16,11,3,Bard,2014
17,11,3,Bard,2014
17,12,3,Bard,2014
18,12,3,Bard,2014
18,13,3,Bard,2014
19,13,3,Bard,2014
19,14,3,Bard,2014
20,14,3,Bard,2014
21,14,3,Bard,2014
22,14,3,Bard,2014
23,14,3,Bard,2014
24,14,3,Bard,2014
24,15,3,Bard,2014
25,15,3,Bard,2014
1,0,1,Clarkson,2014
1,1,1,Clarkson,2014
1,2,1,Clarkson,2014
2,2,1,Clarkson,2014
2,3,1,Clarkson,2014
2,4,1,Clarkson,2014
3,4,1,Clarkson,2014
4,4,1,Clarkson,2014
5,4,1,Clarkson,2014
5,5,1,Clarkson,2014
5,6,1,Clarkson,2014
5,7,1,Clarkson,2014
6,7,1,Clarkson,2014
7,7,1,Clarkson,2014
7,8,1,Clarkson,2014
7,9,1,Clarkson,2014
7,10,1,Clarkson,2014
7,11,1,Clarkson,2014
8,11,1,Clarkson,2014
8,12,1,Clarkson,2014
8,13,1,Clarkson,2014
9,13,1,Clarkson,2014
9,14,1,Clarkson,2014
10,14,1,Clarkson,2014
11,14,1,Clarkson,2014
12,14,1,Clarkson,2014
12,15,1,Clarkson,2014
12,16,1,Clarkson,2014
13,16,1,Clarkson,2014
14,16,1,Clarkson,2014
14,17,1,Clarkson,2014
15,17,1,Clarkson,2014
15,18,1,Clarkson,2014
16,18,1,Clarkson,2014
16,19,1,Clarkson,2014
17,19,1,Clarkson,2014
18,19,1,Clarkson,2014
18,20,1,Clarkson,2014
19,20,1,Clarkson,2014
20,20,1,Clarkson,2014
20,21,1,Clarkson,2014
21,21,1,Clarkson,2014
21,22,1,Clarkson,2014
21,23,1,Clarkson,2014
21,24,1,Clarkson,2014
21,25,1,Clarkson,2014
0,1,2,Clarkson,2014
1,1,2,Clarkson,2014
1,2,2,Clarkson,2014
1,3,2,Clarkson,2014
1,4,2,Clarkson,2014
2,4,2,Clarkson,2014
2,5,2,Clarkson,2014
3,5,2,Clarkson,2014
3,6,2,Clarkson,2014
3,7,2,Clarkson,2014
3,8,2,Clarkson,2014
3,9,2,Clarkson,2014
3,10,2,Clarkson,2014
4,10,2,Clarkson,2014
4,11,2,Clarkson,2014
4,12,2,Clarkson,2014
5,12,2,Clarkson,2014
6,12,2,Clarkson,2014
6,13,2,Clarkson,2014
6,14,2,Clarkson,2014
6,15,2,Clarkson,2014
6,16,2,Clarkson,2014
6,17,2,Clarkson,2014
6,18,2,Clarkson,2014
6,19,2,Clarkson,2014
7,19,2,Clarkson,2014
7,20,2,Clarkson,2014
7,21,2,Clarkson,2014
8,21,2,Clarkson,2014
8,22,2,Clarkson,2014
8,23,2,Clarkson,2014
9,23,2,Clarkson,2014
9,24,2,Clarkson,2014
10,24,2,Clarkson,2014
10,25,2,Clarkson,2014
1,0,3,Clarkson,2014
1,1,3,Clarkson,2014
2,1,3,Clarkson,2014
3,1,3,Clarkson,2014
3,2,3,Clarkson,2014
3,3,3,Clarkson,2014
3,4,3,Clarkson,2014
4,4,3,Clarkson,2014
5,4,3,Clarkson,2014
6,4,3,Clarkson,2014
6,5,3,Clarkson,2014
6,6,3,Clarkson,2014
7,6,3,Clarkson,2014
7,7,3,Clarkson,2014
8,7,3,Clarkson,2014
8,8,3,Clarkson,2014
8,9,3,Clarkson,2014
9,9,3,Clarkson,2014
9,10,3,Clarkson,2014
9,11,3,Clarkson,2014
10,11,3,Clarkson,2014
10,12,3,Clarkson,2014
11,12,3,Clarkson,2014
11,13,3,Clarkson,2014
12,13,3,Clarkson,2014
12,14,3,Clarkson,2014
12,15,3,Clarkson,2014
12,16,3,Clarkson,2014
12,17,3,Clarkson,2014
12,18,3,Clarkson,2014
12,19,3,Clarkson,2014
12,20,3,Clarkson,2014
12,21,3,Clarkson,2014
13,21,3,Clarkson,2014
13,22,3,Clarkson,2014
13,23,3,Clarkson,2014
14,23,3,Clarkson,2014
14,24,3,Clarkson,2014
15,24,3,Clarkson,2014
15,25,3,Clarkson,2014
1,0,1,Union,2014
2,0,1,Union,2014
3,0,1,Union,2014
3,1,1,Union,2014
4,1,1,Union,2014
5,1,1,Union,2014
5,2,1,Union,2014
6,2,1,Union,2014
7,2,1,Union,2014
7,3,1,Union,2014
7,4,1,Union,2014
7,5,1,Union,2014
7,6,1,Union,2014
7,7,1,Union,2014
8,7,1,Union,2014
9,7,1,Union,2014
10,7,1,Union,2014
11,7,1,Union,2014
11,8,1,Union,2014
11,9,1,Union,2014
11,10,1,Union,2014
11,11,1,Union,2014
11,12,1,Union,2014
11,13,1,Union,2014
12,13,1,Union,2014
12,14,1,Union,2014
12,15,1,Union,2014
12,16,1,Union,2014
12,17,1,Union,2014
12,18,1,Union,2014
12,19,1,Union,2014
12,20,1,Union,2014
13,20,1,Union,2014
13,21,1,Union,2014
14,21,1,Union,2014
14,22,1,Union,2014
14,23,1,Union,2014
14,24,1,Union,2014
14,25,1,Union,2014
1,0,2,Union,2014
2,0,2,Union,2014
2,1,2,Union,2014
2,2,2,Union,2014
3,2,2,Union,2014
3,3,2,Union,2014
4,3,2,Union,2014
5,3,2,Union,2014
6,3,2,Union,2014
7,3,2,Union,2014
7,4,2,Union,2014
7,5,2,Union,2014
8,5,2,Union,2014
9,5,2,Union,2014
9,6,2,Union,2014
10,6,2,Union,2014
10,7,2,Union,2014
10,8,2,Union,2014
10,9,2,Union,2014
11,9,2,Union,2014
12,9,2,Union,2014
12,10,2,Union,2014
13,10,2,Union,2014
14,10,2,Union,2014
14,11,2,Union,2014
14,12,2,Union,2014
14,13,2,Union,2014
14,14,2,Union,2014
15,14,2,Union,2014
15,15,2,Union,2014
16,15,2,Union,2014
16,16,2,Union,2014
16,17,2,Union,2014
16,18,2,Union,2014
16,19,2,Union,2014
16,20,2,Union,2014
16,21,2,Union,2014
16,22,2,Union,2014
17,22,2,Union,2014
17,23,2,Union,2014
18,23,2,Union,2014
19,23,2,Union,2014
19,24,2,Union,2014
19,25,2,Union,2014
0,1,3,Union,2014
0,2,3,Union,2014
0,3,3,Union,2014
0,4,3,Union,2014
0,5,3,Union,2014
1,5,3,Union,2014
1,6,3,Union,2014
1,7,3,Union,2014
2,7,3,Union,2014
3,7,3,Union,2014
4,7,3,Union,2014
4,8,3,Union,2014
5,8,3,Union,2014
5,9,3,Union,2014
6,9,3,Union,2014
6,10,3,Union,2014
6,11,3,Union,2014
6,12,3,Union,2014
7,12,3,Union,2014
8,12,3,Union,2014
9,12,3,Union,2014
9,13,3,Union,2014
9,14,3,Union,2014
9,15,3,Union,2014
9,16,3,Union,2014
10,16,3,Union,2014
10,17,3,Union,2014
10,18,3,Union,2014
11,18,3,Union,2014
11,19,3,Union,2014
11,20,3,Union,2014
11,21,3,Union,2014
12,21,3,Union,2014
13,21,3,Union,2014
13,22,3,Union,2014
14,22,3,Union,2014
14,23,3,Union,2014
15,23,3,Union,2014
16,23,3,Union,2014
17,23,3,Union,2014
18,23,3,Union,2014
18,24,3,Union,2014
18,25,3,Union,2014
0,1,1,Bard,2014
0,2,1,Bard,2014
0,3,1,Bard,2014
1,3,1,Bard,2014
1,4,1,Bard,2014
1,5,1,Bard,2014
2,5,1,Bard,2014
2,6,1,Bard,2014
2,7,1,Bard,2014
3,7,1,Bard,2014
4,7,1,Bard,2014
4,8,1,Bard,2014
4,9,1,Bard,2014
4,10,1,Bard,2014
5,10,1,Bard,2014
5,11,1,Bard,2014
5,12,1,Bard,2014
5,13,1,Bard,2014
6,13,1,Bard,2014
6,14,1,Bard,2014
7,14,1,Bard,2014
7,15,1,Bard,2014
7,16,1,Bard,2014
8,16,1,Bard,2014
9,16,1,Bard,2014
9,17,1,Bard,2014
9,18,1,Bard,2014
10,18,1,Bard,2014
10,19,1,Bard,2014
10,20,1,Bard,2014
11,20,1,Bard,2014
11,21,1,Bard,2014
11,22,1,Bard,2014
11,23,1,Bard,2014
11,24,1,Bard,2014
11,25,1,Bard,2014
0,1,2,Bard,2014
1,1,2,Bard,2014
2,1,2,Bard,2014
2,2,2,Bard,2014
3,2,2,Bard,2014
3,3,2,Bard,2014
3,4,2,Bard,2014
4,4,2,Bard,2014
5,4,2,Bard,2014
6,4,2,Bard,2014
6,5,2,Bard,2014
6,6,2,Bard,2014
6,7,2,Bard,2014
6,8,2,Bard,2014
6,9,2,Bard,2014
6,10,2,Bard,2014
6,11,2,Bard,2014
6,12,2,Bard,2014
6,13,2,Bard,2014
6,14,2,Bard,2014
7,14,2,Bard,2014
7,15,2,Bard,2014
7,16,2,Bard,2014
8,16,2,Bard,2014
8,17,2,Bard,2014
8,18,2,Bard,2014
8,19,2,Bard,2014
8,20,2,Bard,2014
8,21,2,Bard,2014
9,21,2,Bard,2014
9,22,2,Bard,2014
10,22,2,Bard,2014
10,23,2,Bard,2014
10,24,2,Bard,2014
11,24,2,Bard,2014
12,24,2,Bard,2014
12,25,2,Bard,2014
1,0,3,Bard,2014
1,1,3,Bard,2014
2,1,3,Bard,2014
3,1,3,Bard,2014
4,1,3,Bard,2014
4,2,3,Bard,2014
4,3,3,Bard,2014
4,4,3,Bard,2014
5,4,3,Bard,2014
5,5,3,Bard,2014
5,6,3,Bard,2014
6,6,3,Bard,2014
6,7,3,Bard,2014
7,7,3,Bard,2014
8,7,3,Bard,2014
8,8,3,Bard,2014
8,9,3,Bard,2014
9,9,3,Bard,2014
10,9,3,Bard,2014
11,9,3,Bard,2014
12,9,3,Bard,2014
12,10,3,Bard,2014
12,11,3,Bard,2014
12,12,3,Bard,2014
13,12,3,Bard,2014
13,13,3,Bard,2014
14,13,3,Bard,2014
14,14,3,Bard,2014
15,14,3,Bard,2014
15,15,3,Bard,2014
15,16,3,Bard,2014
15,17,3,Bard,2014
15,18,3,Bard,2014
15,19,3,Bard,2014
16,19,3,Bard,2014
17,19,3,Bard,2014
17,20,3,Bard,2014
18,20,3,Bard,2014
19,20,3,Bard,2014
19,21,3,Bard,2014
19,22,3,Bard,2014
20,22,3,Bard,2014
20,23,3,Bard,2014
20,24,3,Bard,2014
21,24,3,Bard,2014
22,24,3,Bard,2014
23,24,3,Bard,2014
23,25,3,Bard,2014
0,1,1,Skidmore,2014
0,2,1,Skidmore,2014
1,2,1,Skidmore,2014
1,3,1,Skidmore,2014
2,3,1,Skidmore,2014
2,4,1,Skidmore,2014
2,5,1,Skidmore,2014
2,6,1,Skidmore,2014
3,6,1,Skidmore,2014
4,6,1,Skidmore,2014
4,7,1,Skidmore,2014
4,8,1,Skidmore,2014
5,8,1,Skidmore,2014
6,8,1,Skidmore,2014
7,8,1,Skidmore,2014
8,8,1,Skidmore,2014
9,8,1,Skidmore,2014
9,9,1,Skidmore,2014
10,9,1,Skidmore,2014
10,10,1,Skidmore,2014
10,11,1,Skidmore,2014
10,12,1,Skidmore,2014
11,12,1,Skidmore,2014
11,13,1,Skidmore,2014
12,13,1,Skidmore,2014
13,13,1,Skidmore,2014
14,13,1,Skidmore,2014
15,13,1,Skidmore,2014
15,14,1,Skidmore,2014
15,15,1,Skidmore,2014
16,15,1,Skidmore,2014
16,16,1,Skidmore,2014
16,17,1,Skidmore,2014
16,18,1,Skidmore,2014
17,18,1,Skidmore,2014
17,19,1,Skidmore,2014
18,19,1,Skidmore,2014
19,19,1,Skidmore,2014
19,20,1,Skidmore,2014
19,21,1,Skidmore,2014
19,22,1,Skidmore,2014
19,23,1,Skidmore,2014
20,23,1,Skidmore,2014
20,24,1,Skidmore,2014
21,24,1,Skidmore,2014
22,24,1,Skidmore,2014
22,25,1,Skidmore,2014
1,0,2,Skidmore,2014
1,1,2,Skidmore,2014
2,1,2,Skidmore,2014
3,1,2,Skidmore,2014
3,2,2,Skidmore,2014
4,2,2,Skidmore,2014
4,3,2,Skidmore,2014
5,3,2,Skidmore,2014
6,3,2,Skidmore,2014
6,4,2,Skidmore,2014
6,5,2,Skidmore,2014
7,5,2,Skidmore,2014
7,6,2,Skidmore,2014
8,6,2,Skidmore,2014
8,7,2,Skidmore,2014
9,7,2,Skidmore,2014
9,8,2,Skidmore,2014
9,9,2,Skidmore,2014
9,10,2,Skidmore,2014
10,10,2,Skidmore,2014
10,11,2,Skidmore,2014
10,12,2,Skidmore,2014
10,13,2,Skidmore,2014
10,14,2,Skidmore,2014
10,15,2,Skidmore,2014
11,15,2,Skidmore,2014
11,16,2,Skidmore,2014
11,17,2,Skidmore,2014
11,18,2,Skidmore,2014
12,18,2,Skidmore,2014
13,18,2,Skidmore,2014
14,18,2,Skidmore,2014
15,18,2,Skidmore,2014
16,18,2,Skidmore,2014
17,18,2,Skidmore,2014
17,19,2,Skidmore,2014
18,19,2,Skidmore,2014
19,19,2,Skidmore,2014
19,20,2,Skidmore,2014
20,20,2,Skidmore,2014
21,20,2,Skidmore,2014
21,21,2,Skidmore,2014
21,22,2,Skidmore,2014
22,22,2,Skidmore,2014
23,22,2,Skidmore,2014
23,23,2,Skidmore,2014
23,24,2,Skidmore,2014
23,25,2,Skidmore,2014
1,0,3,Skidmore,2014
1,1,3,Skidmore,2014
1,2,3,Skidmore,2014
1,3,3,Skidmore,2014
2,3,3,Skidmore,2014
3,3,3,Skidmore,2014
3,4,3,Skidmore,2014
4,4,3,Skidmore,2014
4,5,3,Skidmore,2014
5,5,3,Skidmore,2014
5,6,3,Skidmore,2014
6,6,3,Skidmore,2014
6,7,3,Skidmore,2014
6,8,3,Skidmore,2014
7,8,3,Skidmore,2014
7,9,3,Skidmore,2014
7,10,3,Skidmore,2014
8,10,3,Skidmore,2014
8,11,3,Skidmore,2014
8,12,3,Skidmore,2014
8,13,3,Skidmore,2014
9,13,3,Skidmore,2014
9,14,3,Skidmore,2014
9,15,3,Skidmore,2014
9,16,3,Skidmore,2014
10,16,3,Skidmore,2014
11,16,3,Skidmore,2014
12,16,3,Skidmore,2014
12,17,3,Skidmore,2014
13,17,3,Skidmore,2014
13,18,3,Skidmore,2014
13,19,3,Skidmore,2014
13,20,3,Skidmore,2014
13,21,3,Skidmore,2014
13,22,3,Skidmore,2014
13,23,3,Skidmore,2014
13,24,3,Skidmore,2014
13,25,3,Skidmore,2014
1,0,1,Skidmore,2014
2,0,1,Skidmore,2014
2,1,1,Skidmore,2014
2,2,1,Skidmore,2014
3,2,1,Skidmore,2014
4,2,1,Skidmore,2014
4,3,1,Skidmore,2014
4,4,1,Skidmore,2014
4,5,1,Skidmore,2014
5,5,1,Skidmore,2014
6,5,1,Skidmore,2014
7,5,1,Skidmore,2014
7,6,1,Skidmore,2014
8,6,1,Skidmore,2014
8,7,1,Skidmore,2014
9,7,1,Skidmore,2014
10,7,1,Skidmore,2014
11,7,1,Skidmore,2014
11,8,1,Skidmore,2014
12,8,1,Skidmore,2014
13,8,1,Skidmore,2014
14,8,1,Skidmore,2014
14,9,1,Skidmore,2014
14,10,1,Skidmore,2014
15,10,1,Skidmore,2014
16,10,1,Skidmore,2014
17,10,1,Skidmore,2014
17,11,1,Skidmore,2014
18,11,1,Skidmore,2014
18,12,1,Skidmore,2014
19,12,1,Skidmore,2014
20,12,1,Skidmore,2014
21,12,1,Skidmore,2014
22,12,1,Skidmore,2014
23,12,1,Skidmore,2014
24,12,1,Skidmore,2014
24,13,1,Skidmore,2014
24,14,1,Skidmore,2014
25,14,1,Skidmore,2014
0,1,2,Skidmore,2014
1,1,2,Skidmore,2014
2,1,2,Skidmore,2014
2,2,2,Skidmore,2014
2,3,2,Skidmore,2014
3,3,2,Skidmore,2014
4,3,2,Skidmore,2014
5,3,2,Skidmore,2014
5,4,2,Skidmore,2014
6,4,2,Skidmore,2014
6,5,2,Skidmore,2014
6,6,2,Skidmore,2014
7,6,2,Skidmore,2014
8,6,2,Skidmore,2014
8,7,2,Skidmore,2014
8,8,2,Skidmore,2014
9,8,2,Skidmore,2014
9,9,2,Skidmore,2014
9,10,2,Skidmore,2014
9,11,2,Skidmore,2014
10,11,2,Skidmore,2014
10,12,2,Skidmore,2014
11,12,2,Skidmore,2014
11,13,2,Skidmore,2014
12,13,2,Skidmore,2014
12,14,2,Skidmore,2014
13,14,2,Skidmore,2014
13,15,2,Skidmore,2014
14,15,2,Skidmore,2014
14,16,2,Skidmore,2014
15,16,2,Skidmore,2014
16,16,2,Skidmore,2014
17,16,2,Skidmore,2014
18,16,2,Skidmore,2014
19,16,2,Skidmore,2014
19,17,2,Skidmore,2014
19,18,2,Skidmore,2014
20,18,2,Skidmore,2014
21,18,2,Skidmore,2014
21,19,2,Skidmore,2014
21,20,2,Skidmore,2014
22,20,2,Skidmore,2014
22,21,2,Skidmore,2014
23,21,2,Skidmore,2014
24,21,2,Skidmore,2014
25,21,2,Skidmore,2014
0,1,3,Skidmore,2014
1,1,3,Skidmore,2014
2,1,3,Skidmore,2014
3,1,3,Skidmore,2014
3,2,3,Skidmore,2014
3,3,3,Skidmore,2014
4,3,3,Skidmore,2014
5,3,3,Skidmore,2014
5,4,3,Skidmore,2014
6,4,3,Skidmore,2014
6,5,3,Skidmore,2014
7,5,3,Skidmore,2014
8,5,3,Skidmore,2014
8,6,3,Skidmore,2014
9,6,3,Skidmore,2014
10,6,3,Skidmore,2014
10,7,3,Skidmore,2014
11,7,3,Skidmore,2014
12,7,3,Skidmore,2014
12,8,3,Skidmore,2014
13,8,3,Skidmore,2014
14,8,3,Skidmore,2014
15,8,3,Skidmore,2014
15,9,3,Skidmore,2014
16,9,3,Skidmore,2014
16,10,3,Skidmore,2014
17,10,3,Skidmore,2014
18,10,3,Skidmore,2014
18,11,3,Skidmore,2014
18,12,3,Skidmore,2014
18,13,3,Skidmore,2014
19,13,3,Skidmore,2014
20,13,3,Skidmore,2014
21,13,3,Skidmore,2014
21,14,3,Skidmore,2014
22,14,3,Skidmore,2014
24,14,3,Skidmore,2014
24,15,3,Skidmore,2014
25,15,3,Skidmore,2014
0,1,1,RIT,2014
1,1,1,RIT,2014
1,2,1,RIT,2014
2,2,1,RIT,2014
2,3,1,RIT,2014
3,3,1,RIT,2014
4,3,1,RIT,2014
4,4,1,RIT,2014
4,5,1,RIT,2014
4,6,1,RIT,2014
5,6,1,RIT,2014
6,6,1,RIT,2014
6,7,1,RIT,2014
6,8,1,RIT,2014
6,9,1,RIT,2014
6,10,1,RIT,2014
7,10,1,RIT,2014
8,10,1,RIT,2014
8,11,1,RIT,2014
9,11,1,RIT,2014
10,11,1,RIT,2014
11,11,1,RIT,2014
11,12,1,RIT,2014
11,13,1,RIT,2014
11,14,1,RIT,2014
12,14,1,RIT,2014
12,15,1,RIT,2014
12,16,1,RIT,2014
13,16,1,RIT,2014
14,16,1,RIT,2014
15,16,1,RIT,2014
16,16,1,RIT,2014
17,16,1,RIT,2014
17,17,1,RIT,2014
18,17,1,RIT,2014
19,17,1,RIT,2014
19,18,1,RIT,2014
19,19,1,RIT,2014
20,19,1,RIT,2014
21,19,1,RIT,2014
21,20,1,RIT,2014
21,21,1,RIT,2014
21,22,1,RIT,2014
21,23,1,RIT,2014
22,23,1,RIT,2014
22,24,1,RIT,2014
22,25,1,RIT,2014
1,0,2,RIT,2014
2,0,2,RIT,2014
3,0,2,RIT,2014
3,1,2,RIT,2014
4,1,2,RIT,2014
5,1,2,RIT,2014
5,2,2,RIT,2014
5,3,2,RIT,2014
6,3,2,RIT,2014
7,3,2,RIT,2014
8,3,2,RIT,2014
9,3,2,RIT,2014
9,4,2,RIT,2014
9,5,2,RIT,2014
9,6,2,RIT,2014
9,7,2,RIT,2014
10,7,2,RIT,2014
10,8,2,RIT,2014
10,9,2,RIT,2014
10,10,2,RIT,2014
11,10,2,RIT,2014
11,11,2,RIT,2014
11,12,2,RIT,2014
11,13,2,RIT,2014
11,14,2,RIT,2014
11,15,2,RIT,2014
12,15,2,RIT,2014
13,15,2,RIT,2014
13,16,2,RIT,2014
14,16,2,RIT,2014
14,17,2,RIT,2014
14,18,2,RIT,2014
14,19,2,RIT,2014
15,19,2,RIT,2014
16,19,2,RIT,2014
17,19,2,RIT,2014
18,19,2,RIT,2014
18,20,2,RIT,2014
18,21,2,RIT,2014
19,21,2,RIT,2014
20,21,2,RIT,2014
21,21,2,RIT,2014
21,22,2,RIT,2014
22,22,2,RIT,2014
23,22,2,RIT,2014
24,22,2,RIT,2014
24,23,2,RIT,2014
24,24,2,RIT,2014
24,25,2,RIT,2014
24,26,2,RIT,2014
0,1,3,RIT,2014
0,2,3,RIT,2014
0,3,3,RIT,2014
0,4,3,RIT,2014
0,5,3,RIT,2014
0,6,3,RIT,2014
0,7,3,RIT,2014
0,8,3,RIT,2014
0,9,3,RIT,2014
0,10,3,RIT,2014
1,10,3,RIT,2014
2,10,3,RIT,2014
2,11,3,RIT,2014
2,12,3,RIT,2014
2,13,3,RIT,2014
2,14,3,RIT,2014
2,15,3,RIT,2014
2,16,3,RIT,2014
2,17,3,RIT,2014
3,17,3,RIT,2014
3,18,3,RIT,2014
4,18,3,RIT,2014
4,19,3,RIT,2014
4,20,3,RIT,2014
5,20,3,RIT,2014
5,21,3,RIT,2014
6,21,3,RIT,2014
6,22,3,RIT,2014
6,23,3,RIT,2014
7,23,3,RIT,2014
8,23,3,RIT,2014
9,23,3,RIT,2014
10,23,3,RIT,2014
11,23,3,RIT,2014
11,24,3,RIT,2014
11,25,3,RIT,2014
1,0,1,Clarkson,2014
1,1,1,Clarkson,2014
2,1,1,Clarkson,2014
2,2,1,Clarkson,2014
2,3,1,Clarkson,2014
2,4,1,Clarkson,2014
3,4,1,Clarkson,2014
4,4,1,Clarkson,2014
5,4,1,Clarkson,2014
5,5,1,Clarkson,2014
5,6,1,Clarkson,2014
6,6,1,Clarkson,2014
7,6,1,Clarkson,2014
7,7,1,Clarkson,2014
8,7,1,Clarkson,2014
8,8,1,Clarkson,2014
8,9,1,Clarkson,2014
8,10,1,Clarkson,2014
8,11,1,Clarkson,2014
9,11,1,Clarkson,2014
10,11,1,Clarkson,2014
10,12,1,Clarkson,2014
11,12,1,Clarkson,2014
12,12,1,Clarkson,2014
12,13,1,Clarkson,2014
12,14,1,Clarkson,2014
12,15,1,Clarkson,2014
13,15,1,Clarkson,2014
13,16,1,Clarkson,2014
14,16,1,Clarkson,2014
14,17,1,Clarkson,2014
15,17,1,Clarkson,2014
15,18,1,Clarkson,2014
15,19,1,Clarkson,2014
15,20,1,Clarkson,2014
16,20,1,Clarkson,2014
16,21,1,Clarkson,2014
16,22,1,Clarkson,2014
16,23,1,Clarkson,2014
17,23,1,Clarkson,2014
18,23,1,Clarkson,2014
19,23,1,Clarkson,2014
19,24,1,Clarkson,2014
19,25,1,Clarkson,2014
0,1,2,Clarkson,2014
0,2,2,Clarkson,2014
1,2,2,Clarkson,2014
2,2,2,Clarkson,2014
3,2,2,Clarkson,2014
3,3,2,Clarkson,2014
4,3,2,Clarkson,2014
5,3,2,Clarkson,2014
6,3,2,Clarkson,2014
6,4,2,Clarkson,2014
6,5,2,Clarkson,2014
6,6,2,Clarkson,2014
7,6,2,Clarkson,2014
7,7,2,Clarkson,2014
7,8,2,Clarkson,2014
7,9,2,Clarkson,2014
8,9,2,Clarkson,2014
8,10,2,Clarkson,2014
8,11,2,Clarkson,2014
9,11,2,Clarkson,2014
10,11,2,Clarkson,2014
10,12,2,Clarkson,2014
10,13,2,Clarkson,2014
10,14,2,Clarkson,2014
10,15,2,Clarkson,2014
10,16,2,Clarkson,2014
11,16,2,Clarkson,2014
11,17,2,Clarkson,2014
11,18,2,Clarkson,2014
12,18,2,Clarkson,2014
13,18,2,Clarkson,2014
14,18,2,Clarkson,2014
15,18,2,Clarkson,2014
15,19,2,Clarkson,2014
16,19,2,Clarkson,2014
16,20,2,Clarkson,2014
17,20,2,Clarkson,2014
17,21,2,Clarkson,2014
18,21,2,Clarkson,2014
18,22,2,Clarkson,2014
18,23,2,Clarkson,2014
19,23,2,Clarkson,2014
19,24,2,Clarkson,2014
20,24,2,Clarkson,2014
21,24,2,Clarkson,2014
21,25,2,Clarkson,2014
0,1,3,Clarkson,2014
1,1,3,Clarkson,2014
1,2,3,Clarkson,2014
1,3,3,Clarkson,2014
2,3,3,Clarkson,2014
2,4,3,Clarkson,2014
3,4,3,Clarkson,2014
4,4,3,Clarkson,2014
4,5,3,Clarkson,2014
4,6,3,Clarkson,2014
4,7,3,Clarkson,2014
5,7,3,Clarkson,2014
5,8,3,Clarkson,2014
5,9,3,Clarkson,2014
6,9,3,Clarkson,2014
7,9,3,Clarkson,2014
8,9,3,Clarkson,2014
9,9,3,Clarkson,2014
9,10,3,Clarkson,2014
10,10,3,Clarkson,2014
11,10,3,Clarkson,2014
11,11,3,Clarkson,2014
11,12,3,Clarkson,2014
12,12,3,Clarkson,2014
12,13,3,Clarkson,2014
12,14,3,Clarkson,2014
13,14,3,Clarkson,2014
13,15,3,Clarkson,2014
14,15,3,Clarkson,2014
14,16,3,Clarkson,2014
15,16,3,Clarkson,2014
15,17,3,Clarkson,2014
16,17,3,Clarkson,2014
17,17,3,Clarkson,2014
18,17,3,Clarkson,2014
18,18,3,Clarkson,2014
18,19,3,Clarkson,2014
18,20,3,Clarkson,2014
18,21,3,Clarkson,2014
18,22,3,Clarkson,2014
19,22,3,Clarkson,2014
19,23,3,Clarkson,2014
19,24,3,Clarkson,2014
19,25,3,Clarkson,2014
1,0,1,RIT,2014
1,1,1,RIT,2014
1,2,1,RIT,2014
2,2,1,RIT,2014
2,3,1,RIT,2014
2,4,1,RIT,2014
3,4,1,RIT,2014
3,5,1,RIT,2014
4,5,1,RIT,2014
5,5,1,RIT,2014
5,6,1,RIT,2014
5,7,1,RIT,2014
6,7,1,RIT,2014
7,7,1,RIT,2014
7,8,1,RIT,2014
8,8,1,RIT,2014
8,9,1,RIT,2014
9,9,1,RIT,2014
9,10,1,RIT,2014
10,10,1,RIT,2014
10,11,1,RIT,2014
10,12,1,RIT,2014
11,12,1,RIT,2014
11,13,1,RIT,2014
12,13,1,RIT,2014
13,13,1,RIT,2014
13,14,1,RIT,2014
14,14,1,RIT,2014
15,14,1,RIT,2014
15,15,1,RIT,2014
15,16,1,RIT,2014
15,17,1,RIT,2014
16,17,1,RIT,2014
17,17,1,RIT,2014
17,18,1,RIT,2014
18,18,1,RIT,2014
18,19,1,RIT,2014
18,20,1,RIT,2014
18,21,1,RIT,2014
19,21,1,RIT,2014
20,21,1,RIT,2014
20,22,1,RIT,2014
20,23,1,RIT,2014
21,23,1,RIT,2014
21,24,1,RIT,2014
22,24,1,RIT,2014
22,25,1,RIT,2014
1,0,2,RIT,2014
2,0,2,RIT,2014
3,0,2,RIT,2014
3,1,2,RIT,2014
4,1,2,RIT,2014
4,2,2,RIT,2014
5,2,2,RIT,2014
5,3,2,RIT,2014
6,3,2,RIT,2014
7,3,2,RIT,2014
8,3,2,RIT,2014
9,3,2,RIT,2014
10,3,2,RIT,2014
11,3,2,RIT,2014
11,4,2,RIT,2014
11,5,2,RIT,2014
12,5,2,RIT,2014
12,6,2,RIT,2014
13,6,2,RIT,2014
13,7,2,RIT,2014
13,8,2,RIT,2014
14,8,2,RIT,2014
14,9,2,RIT,2014
14,10,2,RIT,2014
15,10,2,RIT,2014
15,11,2,RIT,2014
15,12,2,RIT,2014
15,13,2,RIT,2014
15,14,2,RIT,2014
16,14,2,RIT,2014
16,15,2,RIT,2014
17,15,2,RIT,2014
18,15,2,RIT,2014
19,15,2,RIT,2014
20,15,2,RIT,2014
20,16,2,RIT,2014
20,17,2,RIT,2014
21,17,2,RIT,2014
21,18,2,RIT,2014
22,18,2,RIT,2014
22,19,2,RIT,2014
23,19,2,RIT,2014
24,19,2,RIT,2014
25,19,2,RIT,2014
1,0,3,RIT,2014
1,1,3,RIT,2014
2,1,3,RIT,2014
3,1,3,RIT,2014
3,2,3,RIT,2014
4,2,3,RIT,2014
5,2,3,RIT,2014
6,2,3,RIT,2014
6,3,3,RIT,2014
7,3,3,RIT,2014
7,4,3,RIT,2014
8,4,3,RIT,2014
9,4,3,RIT,2014
10,4,3,RIT,2014
11,4,3,RIT,2014
11,5,3,RIT,2014
12,5,3,RIT,2014
12,6,3,RIT,2014
13,6,3,RIT,2014
13,7,3,RIT,2014
13,8,3,RIT,2014
14,8,3,RIT,2014
15,8,3,RIT,2014
16,8,3,RIT,2014
17,8,3,RIT,2014
17,9,3,RIT,2014
17,10,3,RIT,2014
18,10,3,RIT,2014
18,11,3,RIT,2014
18,12,3,RIT,2014
18,13,3,RIT,2014
19,13,3,RIT,2014
19,14,3,RIT,2014
19,15,3,RIT,2014
19,16,3,RIT,2014
20,16,3,RIT,2014
21,16,3,RIT,2014
22,16,3,RIT,2014
22,17,3,RIT,2014
22,18,3,RIT,2014
23,18,3,RIT,2014
24,18,3,RIT,2014
24,19,3,RIT,2014
25,19,3,RIT,2014
1,0,4,RIT,2014
2,0,4,RIT,2014
2,1,4,RIT,2014
3,1,4,RIT,2014
3,2,4,RIT,2014
3,3,4,RIT,2014
4,3,4,RIT,2014
5,3,4,RIT,2014
5,4,4,RIT,2014
5,5,4,RIT,2014
5,6,4,RIT,2014
6,6,4,RIT,2014
7,6,4,RIT,2014
8,6,4,RIT,2014
9,6,4,RIT,2014
10,6,4,RIT,2014
11,6,4,RIT,2014
12,6,4,RIT,2014
12,7,4,RIT,2014
12,8,4,RIT,2014
13,8,4,RIT,2014
14,8,4,RIT,2014
15,8,4,RIT,2014
15,9,4,RIT,2014
15,10,4,RIT,2014
15,11,4,RIT,2014
16,11,4,RIT,2014
17,11,4,RIT,2014
18,11,4,RIT,2014
18,12,4,RIT,2014
19,12,4,RIT,2014
19,13,4,RIT,2014
20,13,4,RIT,2014
20,14,4,RIT,2014
21,14,4,RIT,2014
21,15,4,RIT,2014
22,15,4,RIT,2014
22,16,4,RIT,2014
22,17,4,RIT,2014
22,18,4,RIT,2014
23,18,4,RIT,2014
23,19,4,RIT,2014
23,20,4,RIT,2014
23,21,4,RIT,2014
24,21,4,RIT,2014
25,21,4,RIT,2014
0,1,1,Vassar,2015
1,1,1,Vassar,2015
1,2,1,Vassar,2015
2,2,1,Vassar,2015
3,2,1,Vassar,2015
3,3,1,Vassar,2015
4,3,1,Vassar,2015
5,3,1,Vassar,2015
5,4,1,Vassar,2015
5,5,1,Vassar,2015
5,6,1,Vassar,2015
6,6,1,Vassar,2015
6,7,1,Vassar,2015
7,7,1,Vassar,2015
7,8,1,Vassar,2015
7,9,1,Vassar,2015
8,9,1,Vassar,2015
8,10,1,Vassar,2015
8,11,1,Vassar,2015
8,12,1,Vassar,2015
9,12,1,Vassar,2015
10,12,1,Vassar,2015
11,12,1,Vassar,2015
11,13,1,Vassar,2015
12,13,1,Vassar,2015
12,14,1,Vassar,2015
13,14,1,Vassar,2015
14,14,1,Vassar,2015
15,14,1,Vassar,2015
15,15,1,Vassar,2015
15,16,1,Vassar,2015
15,17,1,Vassar,2015
15,18,1,Vassar,2015
15,19,1,Vassar,2015
15,20,1,Vassar,2015
16,20,1,Vassar,2015
17,20,1,Vassar,2015
18,20,1,Vassar,2015
19,20,1,Vassar,2015
19,21,1,Vassar,2015
20,21,1,Vassar,2015
21,21,1,Vassar,2015
22,21,1,Vassar,2015
23,21,1,Vassar,2015
23,22,1,Vassar,2015
24,22,1,Vassar,2015
24,23,1,Vassar,2015
24,24,1,Vassar,2015
1,0,2,Vassar,2015
2,0,2,Vassar,2015
2,1,2,Vassar,2015
3,1,2,Vassar,2015
4,1,2,Vassar,2015
4,2,2,Vassar,2015
5,2,2,Vassar,2015
6,2,2,Vassar,2015
7,2,2,Vassar,2015
8,2,2,Vassar,2015
9,2,2,Vassar,2015
9,3,2,Vassar,2015
10,3,2,Vassar,2015
10,4,2,Vassar,2015
11,4,2,Vassar,2015
12,4,2,Vassar,2015
13,4,2,Vassar,2015
14,4,2,Vassar,2015
14,5,2,Vassar,2015
15,5,2,Vassar,2015
16,5,2,Vassar,2015
17,5,2,Vassar,2015
17,6,2,Vassar,2015
18,6,2,Vassar,2015
18,7,2,Vassar,2015
18,8,2,Vassar,2015
19,8,2,Vassar,2015
19,9,2,Vassar,2015
20,9,2,Vassar,2015
20,10,2,Vassar,2015
21,10,2,Vassar,2015
22,10,2,Vassar,2015
23,10,2,Vassar,2015
23,11,2,Vassar,2015
23,12,2,Vassar,2015
24,12,2,Vassar,2015
24,13,2,Vassar,2015
24,14,2,Vassar,2015
25,14,2,Vassar,2015
0,1,3,Vassar,2015
1,1,3,Vassar,2015
2,1,3,Vassar,2015
3,1,3,Vassar,2015
4,1,3,Vassar,2015
5,1,3,Vassar,2015
5,2,3,Vassar,2015
6,2,3,Vassar,2015
6,3,3,Vassar,2015
6,4,3,Vassar,2015
7,4,3,Vassar,2015
8,4,3,Vassar,2015
8,5,3,Vassar,2015
8,6,3,Vassar,2015
8,7,3,Vassar,2015
9,7,3,Vassar,2015
9,8,3,Vassar,2015
10,8,3,Vassar,2015
11,8,3,Vassar,2015
11,9,3,Vassar,2015
11,10,3,Vassar,2015
11,11,3,Vassar,2015
11,12,3,Vassar,2015
11,13,3,Vassar,2015
11,14,3,Vassar,2015
11,15,3,Vassar,2015
11,16,3,Vassar,2015
12,16,3,Vassar,2015
13,16,3,Vassar,2015
14,16,3,Vassar,2015
14,17,3,Vassar,2015
14,18,3,Vassar,2015
15,18,3,Vassar,2015
16,18,3,Vassar,2015
17,18,3,Vassar,2015
17,19,3,Vassar,2015
17,20,3,Vassar,2015
18,20,3,Vassar,2015
18,21,3,Vassar,2015
19,21,3,Vassar,2015
19,22,3,Vassar,2015
19,23,3,Vassar,2015
20,23,3,Vassar,2015
20,24,3,Vassar,2015
21,24,3,Vassar,2015
21,25,3,Vassar,2015
1,0,4,Vassar,2015
2,0,4,Vassar,2015
3,0,4,Vassar,2015
4,0,4,Vassar,2015
5,0,4,Vassar,2015
6,0,4,Vassar,2015
7,0,4,Vassar,2015
8,0,4,Vassar,2015
9,0,4,Vassar,2015
9,1,4,Vassar,2015
10,1,4,Vassar,2015
11,1,4,Vassar,2015
11,2,4,Vassar,2015
11,3,4,Vassar,2015
11,4,4,Vassar,2015
11,5,4,Vassar,2015
12,5,4,Vassar,2015
12,6,4,Vassar,2015
13,6,4,Vassar,2015
13,7,4,Vassar,2015
13,8,4,Vassar,2015
13,9,4,Vassar,2015
13,10,4,Vassar,2015
14,10,4,Vassar,2015
15,10,4,Vassar,2015
16,10,4,Vassar,2015
16,11,4,Vassar,2015
17,11,4,Vassar,2015
17,12,4,Vassar,2015
18,12,4,Vassar,2015
18,13,4,Vassar,2015
18,14,4,Vassar,2015
18,15,4,Vassar,2015
18,16,4,Vassar,2015
18,17,4,Vassar,2015
19,17,4,Vassar,2015
19,18,4,Vassar,2015
20,18,4,Vassar,2015
20,19,4,Vassar,2015
21,19,4,Vassar,2015
22,19,4,Vassar,2015
22,20,4,Vassar,2015
23,20,4,Vassar,2015
23,21,4,Vassar,2015
23,22,4,Vassar,2015
23,23,4,Vassar,2015
23,24,4,Vassar,2015
1,0,1,Union,2015
2,0,1,Union,2015
3,0,1,Union,2015
3,1,1,Union,2015
3,2,1,Union,2015
4,2,1,Union,2015
5,2,1,Union,2015
6,2,1,Union,2015
6,3,1,Union,2015
7,3,1,Union,2015
7,4,1,Union,2015
8,4,1,Union,2015
9,4,1,Union,2015
10,4,1,Union,2015
10,5,1,Union,2015
11,5,1,Union,2015
12,5,1,Union,2015
13,5,1,Union,2015
13,6,1,Union,2015
14,6,1,Union,2015
15,6,1,Union,2015
16,6,1,Union,2015
16,7,1,Union,2015
16,8,1,Union,2015
16,9,1,Union,2015
16,10,1,Union,2015
17,10,1,Union,2015
17,11,1,Union,2015
17,12,1,Union,2015
17,13,1,Union,2015
17,14,1,Union,2015
18,14,1,Union,2015
19,14,1,Union,2015
19,15,1,Union,2015
19,16,1,Union,2015
20,16,1,Union,2015
20,17,1,Union,2015
21,17,1,Union,2015
21,18,1,Union,2015
22,18,1,Union,2015
23,18,1,Union,2015
24,18,1,Union,2015
24,19,1,Union,2015
25,19,1,Union,2015
1,0,2,Union,2015
2,0,2,Union,2015
3,0,2,Union,2015
4,0,2,Union,2015
4,1,2,Union,2015
4,2,2,Union,2015
5,2,2,Union,2015
6,2,2,Union,2015
6,3,2,Union,2015
7,3,2,Union,2015
8,3,2,Union,2015
8,4,2,Union,2015
8,5,2,Union,2015
8,6,2,Union,2015
8,7,2,Union,2015
9,7,2,Union,2015
10,7,2,Union,2015
10,8,2,Union,2015
10,9,2,Union,2015
10,10,2,Union,2015
11,10,2,Union,2015
12,10,2,Union,2015
12,11,2,Union,2015
13,11,2,Union,2015
14,11,2,Union,2015
15,11,2,Union,2015
16,11,2,Union,2015
17,11,2,Union,2015
18,11,2,Union,2015
19,11,2,Union,2015
20,11,2,Union,2015
20,12,2,Union,2015
21,12,2,Union,2015
21,13,2,Union,2015
22,13,2,Union,2015
23,13,2,Union,2015
23,14,2,Union,2015
23,15,2,Union,2015
23,16,2,Union,2015
24,16,2,Union,2015
24,17,2,Union,2015
25,17,2,Union,2015
1,0,3,Union,2015
1,1,3,Union,2015
2,1,3,Union,2015
2,2,3,Union,2015
3,2,3,Union,2015
3,3,3,Union,2015
3,4,3,Union,2015
4,4,3,Union,2015
5,4,3,Union,2015
6,4,3,Union,2015
6,5,3,Union,2015
7,5,3,Union,2015
7,6,3,Union,2015
7,7,3,Union,2015
8,7,3,Union,2015
9,7,3,Union,2015
9,8,3,Union,2015
10,8,3,Union,2015
11,8,3,Union,2015
11,9,3,Union,2015
11,10,3,Union,2015
12,10,3,Union,2015
12,11,3,Union,2015
12,12,3,Union,2015
13,12,3,Union,2015
13,13,3,Union,2015
14,13,3,Union,2015
14,14,3,Union,2015
15,14,3,Union,2015
16,14,3,Union,2015
17,14,3,Union,2015
17,15,3,Union,2015
18,15,3,Union,2015
19,15,3,Union,2015
19,16,3,Union,2015
19,17,3,Union,2015
19,18,3,Union,2015
20,18,3,Union,2015
20,19,3,Union,2015
20,20,3,Union,2015
20,21,3,Union,2015
20,22,3,Union,2015
20,23,3,Union,2015
20,24,3,Union,2015
21,24,3,Union,2015
21,25,3,Union,2015
1,0,4,Union,2015
1,1,4,Union,2015
2,1,4,Union,2015
2,2,4,Union,2015
3,2,4,Union,2015
3,3,4,Union,2015
4,3,4,Union,2015
5,3,4,Union,2015
5,4,4,Union,2015
6,4,4,Union,2015
6,5,4,Union,2015
7,5,4,Union,2015
7,6,4,Union,2015
8,6,4,Union,2015
8,7,4,Union,2015
8,8,4,Union,2015
9,8,4,Union,2015
9,9,4,Union,2015
9,10,4,Union,2015
9,11,4,Union,2015
10,11,4,Union,2015
11,11,4,Union,2015
11,12,4,Union,2015
11,13,4,Union,2015
12,13,4,Union,2015
13,13,4,Union,2015
14,13,4,Union,2015
14,14,4,Union,2015
15,14,4,Union,2015
15,15,4,Union,2015
16,15,4,Union,2015
16,16,4,Union,2015
16,17,4,Union,2015
17,17,4,Union,2015
18,17,4,Union,2015
18,18,4,Union,2015
19,18,4,Union,2015
19,19,4,Union,2015
20,19,4,Union,2015
20,20,4,Union,2015
20,21,4,Union,2015
21,21,4,Union,2015
21,22,4,Union,2015
22,22,4,Union,2015
22,23,4,Union,2015
22,24,4,Union,2015
1,0,5,Union,2015
1,1,5,Union,2015
1,2,5,Union,2015
2,2,5,Union,2015
3,2,5,Union,2015
4,2,5,Union,2015
4,3,5,Union,2015
5,3,5,Union,2015
5,4,5,Union,2015
6,4,5,Union,2015
6,5,5,Union,2015
6,6,5,Union,2015
7,6,5,Union,2015
8,6,5,Union,2015
9,6,5,Union,2015
9,7,5,Union,2015
9,8,5,Union,2015
10,8,5,Union,2015
10,9,5,Union,2015
11,9,5,Union,2015
11,10,5,Union,2015
12,10,5,Union,2015
12,11,5,Union,2015
12,12,5,Union,2015
13,12,5,Union,2015
14,12,5,Union,2015
14,13,5,Union,2015
15,13,5,Union,2015
1,0,1,Bard,2015
1,1,1,Bard,2015
1,2,1,Bard,2015
2,2,1,Bard,2015
2,3,1,Bard,2015
3,3,1,Bard,2015
4,3,1,Bard,2015
5,3,1,Bard,2015
5,4,1,Bard,2015
6,4,1,Bard,2015
7,4,1,Bard,2015
7,5,1,Bard,2015
8,5,1,Bard,2015
9,5,1,Bard,2015
10,5,1,Bard,2015
10,6,1,Bard,2015
11,6,1,Bard,2015
11,7,1,Bard,2015
12,7,1,Bard,2015
12,8,1,Bard,2015
13,8,1,Bard,2015
14,8,1,Bard,2015
15,8,1,Bard,2015
15,9,1,Bard,2015
16,9,1,Bard,2015
16,10,1,Bard,2015
16,11,1,Bard,2015
17,11,1,Bard,2015
18,11,1,Bard,2015
19,11,1,Bard,2015
19,12,1,Bard,2015
20,12,1,Bard,2015
20,13,1,Bard,2015
21,13,1,Bard,2015
22,13,1,Bard,2015
23,13,1,Bard,2015
1,0,2,Bard,2015
2,0,2,Bard,2015
3,0,2,Bard,2015
3,1,2,Bard,2015
3,2,2,Bard,2015
4,2,2,Bard,2015
4,3,2,Bard,2015
4,4,2,Bard,2015
4,5,2,Bard,2015
4,6,2,Bard,2015
4,7,2,Bard,2015
4,8,2,Bard,2015
4,9,2,Bard,2015
4,10,2,Bard,2015
4,11,2,Bard,2015
4,12,2,Bard,2015
4,13,2,Bard,2015
5,13,2,Bard,2015
5,14,2,Bard,2015
6,14,2,Bard,2015
7,14,2,Bard,2015
8,14,2,Bard,2015
9,14,2,Bard,2015
9,15,2,Bard,2015
9,16,2,Bard,2015
10,16,2,Bard,2015
10,17,2,Bard,2015
11,17,2,Bard,2015
11,18,2,Bard,2015
11,19,2,Bard,2015
11,20,2,Bard,2015
12,20,2,Bard,2015
13,20,2,Bard,2015
14,20,2,Bard,2015
15,20,2,Bard,2015
15,21,2,Bard,2015
16,21,2,Bard,2015
17,21,2,Bard,2015
17,22,2,Bard,2015
18,22,2,Bard,2015
19,22,2,Bard,2015
20,22,2,Bard,2015
21,22,2,Bard,2015
21,23,2,Bard,2015
21,24,2,Bard,2015
21,25,2,Bard,2015
1,0,3,Bard,2015
1,1,3,Bard,2015
1,2,3,Bard,2015
1,3,3,Bard,2015
1,4,3,Bard,2015
1,5,3,Bard,2015
1,6,3,Bard,2015
2,6,3,Bard,2015
3,6,3,Bard,2015
4,6,3,Bard,2015
5,6,3,Bard,2015
5,7,3,Bard,2015
5,8,3,Bard,2015
6,8,3,Bard,2015
7,8,3,Bard,2015
8,8,3,Bard,2015
9,8,3,Bard,2015
10,8,3,Bard,2015
11,8,3,Bard,2015
12,8,3,Bard,2015
12,9,3,Bard,2015
12,10,3,Bard,2015
13,10,3,Bard,2015
13,11,3,Bard,2015
13,12,3,Bard,2015
14,12,3,Bard,2015
15,12,3,Bard,2015
16,12,3,Bard,2015
16,13,3,Bard,2015
17,13,3,Bard,2015
17,14,3,Bard,2015
18,14,3,Bard,2015
19,14,3,Bard,2015
20,14,3,Bard,2015
21,14,3,Bard,2015
22,14,3,Bard,2015
23,14,3,Bard,2015
24,14,3,Bard,2015
24,15,3,Bard,2015
25,15,3,Bard,2015
0,1,4,Bard,2015
0,2,4,Bard,2015
0,3,4,Bard,2015
1,3,4,Bard,2015
2,3,4,Bard,2015
2,4,4,Bard,2015
3,4,4,Bard,2015
3,5,4,Bard,2015
4,5,4,Bard,2015
5,5,4,Bard,2015
6,5,4,Bard,2015
7,5,4,Bard,2015
8,5,4,Bard,2015
9,5,4,Bard,2015
10,5,4,Bard,2015
11,5,4,Bard,2015
12,5,4,Bard,2015
12,6,4,Bard,2015
13,6,4,Bard,2015
13,7,4,Bard,2015
13,8,4,Bard,2015
14,8,4,Bard,2015
15,8,4,Bard,2015
16,8,4,Bard,2015
17,8,4,Bard,2015
17,9,4,Bard,2015
18,9,4,Bard,2015
19,9,4,Bard,2015
20,9,4,Bard,2015
20,10,4,Bard,2015
21,10,4,Bard,2015
21,11,4,Bard,2015
21,12,4,Bard,2015
22,12,4,Bard,2015
23,12,4,Bard,2015
24,12,4,Bard,2015
25,12,4,Bard,2015
0,1,1,Skidmore,2015
0,2,1,Skidmore,2015
1,2,1,Skidmore,2015
1,3,1,Skidmore,2015
1,4,1,Skidmore,2015
1,5,1,Skidmore,2015
2,5,1,Skidmore,2015
2,6,1,Skidmore,2015
2,7,1,Skidmore,2015
2,8,1,Skidmore,2015
2,9,1,Skidmore,2015
3,9,1,Skidmore,2015
4,9,1,Skidmore,2015
4,10,1,Skidmore,2015
5,10,1,Skidmore,2015
5,11,1,Skidmore,2015
5,12,1,Skidmore,2015
5,13,1,Skidmore,2015
6,13,1,Skidmore,2015
7,13,1,Skidmore,2015
7,14,1,Skidmore,2015
8,14,1,Skidmore,2015
9,14,1,Skidmore,2015
9,15,1,Skidmore,2015
10,15,1,Skidmore,2015
10,16,1,Skidmore,2015
11,16,1,Skidmore,2015
12,16,1,Skidmore,2015
13,16,1,Skidmore,2015
14,16,1,Skidmore,2015
15,16,1,Skidmore,2015
16,16,1,Skidmore,2015
16,17,1,Skidmore,2015
17,17,1,Skidmore,2015
18,17,1,Skidmore,2015
19,17,1,Skidmore,2015
20,17,1,Skidmore,2015
21,17,1,Skidmore,2015
22,17,1,Skidmore,2015
22,18,1,Skidmore,2015
23,18,1,Skidmore,2015
23,19,1,Skidmore,2015
23,20,1,Skidmore,2015
23,21,1,Skidmore,2015
24,21,1,Skidmore,2015
24,22,1,Skidmore,2015
25,22,1,Skidmore,2015
0,1,2,Skidmore,2015
0,2,2,Skidmore,2015
0,3,2,Skidmore,2015
0,4,2,Skidmore,2015
0,5,2,Skidmore,2015
1,5,2,Skidmore,2015
2,5,2,Skidmore,2015
3,5,2,Skidmore,2015
3,6,2,Skidmore,2015
4,6,2,Skidmore,2015
5,6,2,Skidmore,2015
5,7,2,Skidmore,2015
6,7,2,Skidmore,2015
6,8,2,Skidmore,2015
6,9,2,Skidmore,2015
7,9,2,Skidmore,2015
8,9,2,Skidmore,2015
9,9,2,Skidmore,2015
10,9,2,Skidmore,2015
10,10,2,Skidmore,2015
11,10,2,Skidmore,2015
12,10,2,Skidmore,2015
13,10,2,Skidmore,2015
13,11,2,Skidmore,2015
14,11,2,Skidmore,2015
15,11,2,Skidmore,2015
15,12,2,Skidmore,2015
16,12,2,Skidmore,2015
17,12,2,Skidmore,2015
18,12,2,Skidmore,2015
19,12,2,Skidmore,2015
20,12,2,Skidmore,2015
20,13,2,Skidmore,2015
21,13,2,Skidmore,2015
22,13,2,Skidmore,2015
23,13,2,Skidmore,2015
24,13,2,Skidmore,2015
24,14,2,Skidmore,2015
25,14,2,Skidmore,2015
1,0,3,Skidmore,2015
2,0,3,Skidmore,2015
3,0,3,Skidmore,2015
3,1,3,Skidmore,2015
4,1,3,Skidmore,2015
4,2,3,Skidmore,2015
4,3,3,Skidmore,2015
4,4,3,Skidmore,2015
5,4,3,Skidmore,2015
5,5,3,Skidmore,2015
6,5,3,Skidmore,2015
6,6,3,Skidmore,2015
7,6,3,Skidmore,2015
8,6,3,Skidmore,2015
9,6,3,Skidmore,2015
9,7,3,Skidmore,2015
9,8,3,Skidmore,2015
10,8,3,Skidmore,2015
10,9,3,Skidmore,2015
11,9,3,Skidmore,2015
12,9,3,Skidmore,2015
13,9,3,Skidmore,2015
13,10,3,Skidmore,2015
14,10,3,Skidmore,2015
14,11,3,Skidmore,2015
15,11,3,Skidmore,2015
15,12,3,Skidmore,2015
15,13,3,Skidmore,2015
15,14,3,Skidmore,2015
15,15,3,Skidmore,2015
15,16,3,Skidmore,2015
15,17,3,Skidmore,2015
16,17,3,Skidmore,2015
17,17,3,Skidmore,2015
17,18,3,Skidmore,2015
18,18,3,Skidmore,2015
18,19,3,Skidmore,2015
18,20,3,Skidmore,2015
18,21,3,Skidmore,2015
18,22,3,Skidmore,2015
18,23,3,Skidmore,2015
19,23,3,Skidmore,2015
20,23,3,Skidmore,2015
21,23,3,Skidmore,2015
22,23,3,Skidmore,2015
22,24,3,Skidmore,2015
22,25,3,Skidmore,2015
1,0,4,Skidmore,2015
2,0,4,Skidmore,2015
3,0,4,Skidmore,2015
4,0,4,Skidmore,2015
5,0,4,Skidmore,2015
5,1,4,Skidmore,2015
5,2,4,Skidmore,2015
5,3,4,Skidmore,2015
6,3,4,Skidmore,2015
7,3,4,Skidmore,2015
7,4,4,Skidmore,2015
8,4,4,Skidmore,2015
9,4,4,Skidmore,2015
9,5,4,Skidmore,2015
9,6,4,Skidmore,2015
9,7,4,Skidmore,2015
10,7,4,Skidmore,2015
11,7,4,Skidmore,2015
12,7,4,Skidmore,2015
13,7,4,Skidmore,2015
13,8,4,Skidmore,2015
13,9,4,Skidmore,2015
13,10,4,Skidmore,2015
14,10,4,Skidmore,2015
15,10,4,Skidmore,2015
15,11,4,Skidmore,2015
16,11,4,Skidmore,2015
17,11,4,Skidmore,2015
17,12,4,Skidmore,2015
18,12,4,Skidmore,2015
19,12,4,Skidmore,2015
20,12,4,Skidmore,2015
21,12,4,Skidmore,2015
22,12,4,Skidmore,2015
23,12,4,Skidmore,2015
23,13,4,Skidmore,2015
24,13,4,Skidmore,2015
24,14,4,Skidmore,2015
25,14,4,Skidmore,2015
1,0,1,Canton,2015
1,1,1,Canton,2015
2,1,1,Canton,2015
2,3,1,Canton,2015
3,3,1,Canton,2015
4,3,1,Canton,2015
5,3,1,Canton,2015
6,3,1,Canton,2015
6,4,1,Canton,2015
4,8,1,Canton,2015
4,9,1,Canton,2015
4,10,1,Canton,2015
5,10,1,Canton,2015
6,10,1,Canton,2015
8,12,1,Canton,2015
9,14,1,Canton,2015
10,14,1,Canton,2015
11,14,1,Canton,2015
12,14,1,Canton,2015
13,14,1,Canton,2015
14,14,1,Canton,2015
14,15,1,Canton,2015
14,16,1,Canton,2015
14,17,1,Canton,2015
15,17,1,Canton,2015
16,17,1,Canton,2015
17,17,1,Canton,2015
18,17,1,Canton,2015
18,18,1,Canton,2015
19,18,1,Canton,2015
19,19,1,Canton,2015
20,19,1,Canton,2015
21,19,1,Canton,2015
21,20,1,Canton,2015
22,20,1,Canton,2015
23,20,1,Canton,2015
24,20,1,Canton,2015
24,21,1,Canton,2015
24,22,1,Canton,2015
25,22,1,Canton,2015
1,0,2,Canton,2015
2,0,2,Canton,2015
3,0,2,Canton,2015
4,0,2,Canton,2015
5,0,2,Canton,2015
5,1,2,Canton,2015
5,2,2,Canton,2015
5,3,2,Canton,2015
5,4,2,Canton,2015
6,4,2,Canton,2015
7,4,2,Canton,2015
7,5,2,Canton,2015
8,5,2,Canton,2015
9,5,2,Canton,2015
9,6,2,Canton,2015
9,8,2,Canton,2015
10,8,2,Canton,2015
10,9,2,Canton,2015
10,10,2,Canton,2015
10,11,2,Canton,2015
10,12,2,Canton,2015
11,12,2,Canton,2015
11,13,2,Canton,2015
11,14,2,Canton,2015
12,14,2,Canton,2015
12,15,2,Canton,2015
13,15,2,Canton,2015
13,17,2,Canton,2015
15,17,2,Canton,2015
16,17,2,Canton,2015
16,18,2,Canton,2015
16,19,2,Canton,2015
17,19,2,Canton,2015
18,19,2,Canton,2015
18,20,2,Canton,2015
19,20,2,Canton,2015
19,21,2,Canton,2015
19,22,2,Canton,2015
20,22,2,Canton,2015
20,23,2,Canton,2015
20,24,2,Canton,2015
21,24,2,Canton,2015
21,25,2,Canton,2015
0,1,3,Canton,2015
1,1,3,Canton,2015
2,1,3,Canton,2015
3,1,3,Canton,2015
3,2,3,Canton,2015
3,3,3,Canton,2015
4,3,3,Canton,2015
4,4,3,Canton,2015
4,5,3,Canton,2015
4,6,3,Canton,2015
5,6,3,Canton,2015
6,6,3,Canton,2015
6,7,3,Canton,2015
6,8,3,Canton,2015
7,8,3,Canton,2015
7,9,3,Canton,2015
8,9,3,Canton,2015
9,9,3,Canton,2015
9,10,3,Canton,2015
9,11,3,Canton,2015
10,11,3,Canton,2015
11,11,3,Canton,2015
11,12,3,Canton,2015
11,13,3,Canton,2015
13,16,3,Canton,2015
13,17,3,Canton,2015
13,18,3,Canton,2015
15,17,3,Canton,2015
16,17,3,Canton,2015
16,18,3,Canton,2015
17,18,3,Canton,2015
18,18,3,Canton,2015
18,19,3,Canton,2015
19,19,3,Canton,2015
19,20,3,Canton,2015
20,20,3,Canton,2015
21,20,3,Canton,2015
22,21,3,Canton,2015
22,22,3,Canton,2015
22,23,3,Canton,2015
22,24,3,Canton,2015
23,24,3,Canton,2015
24,24,3,Canton,2015
25,24,3,Canton,2015
25,25,3,Canton,2015
26,25,3,Canton,2015
26,26,3,Canton,2015
27,26,3,Canton,2015
28,26,3,Canton,2015
1,0,4,Canton,2015
2,0,4,Canton,2015
2,1,4,Canton,2015
3,1,4,Canton,2015
4,1,4,Canton,2015
5,1,4,Canton,2015
5,2,4,Canton,2015
5,3,4,Canton,2015
6,3,4,Canton,2015
7,3,4,Canton,2015
8,3,4,Canton,2015
9,3,4,Canton,2015
9,4,4,Canton,2015
10,4,4,Canton,2015
10,6,4,Canton,2015
11,6,4,Canton,2015
11,7,4,Canton,2015
11,8,4,Canton,2015
12,8,4,Canton,2015
12,9,4,Canton,2015
13,9,4,Canton,2015
13,10,4,Canton,2015
13,12,4,Canton,2015
13,13,4,Canton,2015
13,14,4,Canton,2015
13,15,4,Canton,2015
13,15,4,Canton,2015
14,15,4,Canton,2015
14,16,4,Canton,2015
15,16,4,Canton,2015
16,16,4,Canton,2015
16,17,4,Canton,2015
16,18,4,Canton,2015
17,18,4,Canton,2015
17,19,4,Canton,2015
18,19,4,Canton,2015
18,20,4,Canton,2015
18,21,4,Canton,2015
19,21,4,Canton,2015
20,21,4,Canton,2015
21,21,4,Canton,2015
22,21,4,Canton,2015
21,23,4,Canton,2015
22,23,4,Canton,2015
21,25,4,Canton,2015
0,1,5,Canton,2015
1,1,5,Canton,2015
2,1,5,Canton,2015
2,2,5,Canton,2015
2,3,5,Canton,2015
2,4,5,Canton,2015
2,5,5,Canton,2015
3,5,5,Canton,2015
3,6,5,Canton,2015
3,7,5,Canton,2015
3,8,5,Canton,2015
4,8,5,Canton,2015
5,8,5,Canton,2015
5,9,5,Canton,2015
5,10,5,Canton,2015
5,11,5,Canton,2015
6,11,5,Canton,2015
6,12,5,Canton,2015
6,13,5,Canton,2015
7,13,5,Canton,2015
7,14,5,Canton,2015
